Club,Club Logo
 SSV Jahn Regensburg,https://cdn.sofifa.org/teams/2/light/543.png
1. FC Heidenheim 1846,https://cdn.sofifa.org/teams/2/light/111235.png
1. FC Kaiserslautern,https://cdn.sofifa.org/teams/2/light/29.png
1. FC Köln,https://cdn.sofifa.org/teams/2/light/31.png
1. FC Magdeburg,https://cdn.sofifa.org/teams/2/light/110588.png
1. FC Nürnberg,https://cdn.sofifa.org/teams/2/light/171.png
1. FC Union Berlin,https://cdn.sofifa.org/teams/2/light/1831.png
1. FSV Mainz 05,https://cdn.sofifa.org/teams/2/light/169.png
AC Ajaccio,https://cdn.sofifa.org/teams/2/light/614.png
AC Horsens,https://cdn.sofifa.org/teams/2/light/1446.png
AD Alcorcón,https://cdn.sofifa.org/teams/2/light/100831.png
ADO Den Haag,https://cdn.sofifa.org/teams/2/light/650.png
AEK Athens,https://cdn.sofifa.org/teams/2/light/278.png
AFC Wimbledon,https://cdn.sofifa.org/teams/2/light/112259.png
AIK,https://cdn.sofifa.org/teams/2/light/433.png
AJ Auxerre,https://cdn.sofifa.org/teams/2/light/57.png
AS Béziers,https://cdn.sofifa.org/teams/2/light/113948.png
AS Monaco,https://cdn.sofifa.org/teams/2/light/69.png
AS Nancy Lorraine,https://cdn.sofifa.org/teams/2/light/1823.png
AS Saint-Étienne,https://cdn.sofifa.org/teams/2/light/1819.png
AZ Alkmaar,https://cdn.sofifa.org/teams/2/light/1906.png
Aalborg BK,https://cdn.sofifa.org/teams/2/light/820.png
Aarhus GF,https://cdn.sofifa.org/teams/2/light/271.png
Aberdeen,https://cdn.sofifa.org/teams/2/light/77.png
Accrington Stanley,https://cdn.sofifa.org/teams/2/light/110313.png
Adelaide United,https://cdn.sofifa.org/teams/2/light/111393.png
Ajax,https://cdn.sofifa.org/teams/2/light/245.png
Akhisar Belediyespor,https://cdn.sofifa.org/teams/2/light/111340.png
Al Ahli,https://cdn.sofifa.org/teams/2/light/112387.png
Al Batin,https://cdn.sofifa.org/teams/2/light/112990.png
Al Faisaly,https://cdn.sofifa.org/teams/2/light/112389.png
Al Fateh,https://cdn.sofifa.org/teams/2/light/112390.png
Al Fayha,https://cdn.sofifa.org/teams/2/light/113057.png
Al Hazem,https://cdn.sofifa.org/teams/2/light/113222.png
Al Hilal,https://cdn.sofifa.org/teams/2/light/605.png
Al Ittihad,https://cdn.sofifa.org/teams/2/light/607.png
Al Nassr,https://cdn.sofifa.org/teams/2/light/112139.png
Al Qadisiyah,https://cdn.sofifa.org/teams/2/light/112391.png
Al Raed,https://cdn.sofifa.org/teams/2/light/112392.png
Al Shabab,https://cdn.sofifa.org/teams/2/light/111674.png
Al Taawoun,https://cdn.sofifa.org/teams/2/light/112393.png
Al Wehda,https://cdn.sofifa.org/teams/2/light/112408.png
Alanyaspor,https://cdn.sofifa.org/teams/2/light/113142.png
Albacete BP,https://cdn.sofifa.org/teams/2/light/1854.png
Alianza Petrolera,https://cdn.sofifa.org/teams/2/light/112579.png
Amiens SC,https://cdn.sofifa.org/teams/2/light/1816.png
América FC (Minas Gerais),https://cdn.sofifa.org/teams/2/light/112001.png
América de Cali,https://cdn.sofifa.org/teams/2/light/101099.png
Angers SCO,https://cdn.sofifa.org/teams/2/light/1530.png
Antalyaspor,https://cdn.sofifa.org/teams/2/light/741.png
Argentinos Juniors,https://cdn.sofifa.org/teams/2/light/111019.png
Arka Gdynia,https://cdn.sofifa.org/teams/2/light/111082.png
Arsenal,https://cdn.sofifa.org/teams/2/light/1.png
Ascoli,https://cdn.sofifa.org/teams/2/light/1847.png
Aston Villa,https://cdn.sofifa.org/teams/2/light/2.png
Atalanta,https://cdn.sofifa.org/teams/2/light/39.png
Athletic Club de Bilbao,https://cdn.sofifa.org/teams/2/light/448.png
Atiker Konyaspor,https://cdn.sofifa.org/teams/2/light/101033.png
Atlanta United,https://cdn.sofifa.org/teams/2/light/112885.png
Atlético Bucaramanga,https://cdn.sofifa.org/teams/2/light/112992.png
Atlético Huila,https://cdn.sofifa.org/teams/2/light/112528.png
Atlético Madrid,https://cdn.sofifa.org/teams/2/light/240.png
Atlético Mineiro,https://cdn.sofifa.org/teams/2/light/1035.png
Atlético Nacional,https://cdn.sofifa.org/teams/2/light/101100.png
Atlético Paranaense,https://cdn.sofifa.org/teams/2/light/1039.png
Atlético Tucumán,https://cdn.sofifa.org/teams/2/light/111708.png
Audax Italiano,https://cdn.sofifa.org/teams/2/light/101097.png
BB Erzurumspor,https://cdn.sofifa.org/teams/2/light/749.png
BK Häcken,https://cdn.sofifa.org/teams/2/light/711.png
BSC Young Boys,https://cdn.sofifa.org/teams/2/light/900.png
Bahia,https://cdn.sofifa.org/teams/2/light/1598.png
Barnsley,https://cdn.sofifa.org/teams/2/light/1932.png
Bayer 04 Leverkusen,https://cdn.sofifa.org/teams/2/light/32.png
Beijing Renhe FC,https://cdn.sofifa.org/teams/2/light/112537.png
Beijing Sinobo Guoan FC,https://cdn.sofifa.org/teams/2/light/111768.png
Belgrano de Córdoba,https://cdn.sofifa.org/teams/2/light/111022.png
Benevento,https://cdn.sofifa.org/teams/2/light/112026.png
Beşiktaş JK,https://cdn.sofifa.org/teams/2/light/327.png
Birmingham City,https://cdn.sofifa.org/teams/2/light/88.png
Blackburn Rovers,https://cdn.sofifa.org/teams/2/light/3.png
Blackpool,https://cdn.sofifa.org/teams/2/light/1926.png
Boavista FC,https://cdn.sofifa.org/teams/2/light/1898.png
Boca Juniors,https://cdn.sofifa.org/teams/2/light/1877.png
Bohemian FC,https://cdn.sofifa.org/teams/2/light/305.png
Bologna,https://cdn.sofifa.org/teams/2/light/189.png
Bolton Wanderers,https://cdn.sofifa.org/teams/2/light/4.png
Borussia Dortmund,https://cdn.sofifa.org/teams/2/light/22.png
Borussia Mönchengladbach,https://cdn.sofifa.org/teams/2/light/23.png
Botafogo,https://cdn.sofifa.org/teams/2/light/517.png
Bournemouth,https://cdn.sofifa.org/teams/2/light/1943.png
Boyacá Chicó FC,https://cdn.sofifa.org/teams/2/light/112019.png
Bradford City,https://cdn.sofifa.org/teams/2/light/1804.png
Bray Wanderers,https://cdn.sofifa.org/teams/2/light/838.png
Brentford,https://cdn.sofifa.org/teams/2/light/1925.png
Brescia,https://cdn.sofifa.org/teams/2/light/190.png
Brighton & Hove Albion,https://cdn.sofifa.org/teams/2/light/1808.png
Brisbane Roar,https://cdn.sofifa.org/teams/2/light/111395.png
Bristol City,https://cdn.sofifa.org/teams/2/light/1919.png
Bristol Rovers,https://cdn.sofifa.org/teams/2/light/1962.png
Brøndby IF,https://cdn.sofifa.org/teams/2/light/269.png
Burnley,https://cdn.sofifa.org/teams/2/light/1796.png
Bursaspor,https://cdn.sofifa.org/teams/2/light/742.png
Burton Albion,https://cdn.sofifa.org/teams/2/light/15015.png
Bury,https://cdn.sofifa.org/teams/2/light/1945.png
CA Osasuna,https://cdn.sofifa.org/teams/2/light/479.png
CD Antofagasta,https://cdn.sofifa.org/teams/2/light/112533.png
CD Aves,https://cdn.sofifa.org/teams/2/light/666.png
CD Everton de Viña del Mar,https://cdn.sofifa.org/teams/2/light/112584.png
CD Feirense,https://cdn.sofifa.org/teams/2/light/10019.png
CD Huachipato,https://cdn.sofifa.org/teams/2/light/111327.png
CD Leganés,https://cdn.sofifa.org/teams/2/light/100888.png
CD Lugo,https://cdn.sofifa.org/teams/2/light/110831.png
CD Nacional,https://cdn.sofifa.org/teams/2/light/1891.png
CD Numancia,https://cdn.sofifa.org/teams/2/light/477.png
CD O'Higgins,https://cdn.sofifa.org/teams/2/light/112116.png
CD Palestino,https://cdn.sofifa.org/teams/2/light/111328.png
CD Tenerife,https://cdn.sofifa.org/teams/2/light/260.png
CD Tondela,https://cdn.sofifa.org/teams/2/light/112516.png
CD Universidad de Concepción,https://cdn.sofifa.org/teams/2/light/112534.png
CF Rayo Majadahonda,https://cdn.sofifa.org/teams/2/light/110066.png
CF Reus Deportiu,https://cdn.sofifa.org/teams/2/light/110854.png
Cagliari,https://cdn.sofifa.org/teams/2/light/1842.png
Cambridge United,https://cdn.sofifa.org/teams/2/light/1944.png
Cardiff City,https://cdn.sofifa.org/teams/2/light/1961.png
Carlisle United,https://cdn.sofifa.org/teams/2/light/1480.png
Carpi,https://cdn.sofifa.org/teams/2/light/112409.png
Ceará Sporting Club,https://cdn.sofifa.org/teams/2/light/111059.png
Celtic,https://cdn.sofifa.org/teams/2/light/78.png
Central Coast Mariners,https://cdn.sofifa.org/teams/2/light/111396.png
Cerezo Osaka,https://cdn.sofifa.org/teams/2/light/101148.png
Chamois Niortais Football Club,https://cdn.sofifa.org/teams/2/light/1813.png
Changchun Yatai FC,https://cdn.sofifa.org/teams/2/light/111769.png
Chapecoense,https://cdn.sofifa.org/teams/2/light/112476.png
Charlton Athletic,https://cdn.sofifa.org/teams/2/light/89.png
Chelsea,https://cdn.sofifa.org/teams/2/light/5.png
Cheltenham Town,https://cdn.sofifa.org/teams/2/light/1936.png
Chicago Fire,https://cdn.sofifa.org/teams/2/light/693.png
Chievo Verona,https://cdn.sofifa.org/teams/2/light/192.png
Chongqing Dangdai Lifan FC SWM Team,https://cdn.sofifa.org/teams/2/light/112165.png
Cittadella,https://cdn.sofifa.org/teams/2/light/111993.png
Clermont Foot 63,https://cdn.sofifa.org/teams/2/light/1815.png
Club América,https://cdn.sofifa.org/teams/2/light/1879.png
Club Atlas,https://cdn.sofifa.org/teams/2/light/101114.png
Club Atlético Aldosivi,https://cdn.sofifa.org/teams/2/light/111707.png
Club Atlético Banfield,https://cdn.sofifa.org/teams/2/light/110404.png
Club Atlético Colón,https://cdn.sofifa.org/teams/2/light/110406.png
Club Atlético Huracán,https://cdn.sofifa.org/teams/2/light/111711.png
Club Atlético Lanús,https://cdn.sofifa.org/teams/2/light/110395.png
Club Atlético Talleres,https://cdn.sofifa.org/teams/2/light/112670.png
Club Atlético Tigre,https://cdn.sofifa.org/teams/2/light/111715.png
Club Brugge KV,https://cdn.sofifa.org/teams/2/light/231.png
Club Deportes Temuco,https://cdn.sofifa.org/teams/2/light/112709.png
Club León,https://cdn.sofifa.org/teams/2/light/110781.png
Club Necaxa,https://cdn.sofifa.org/teams/2/light/101121.png
Club Tijuana,https://cdn.sofifa.org/teams/2/light/111678.png
Clube Sport Marítimo,https://cdn.sofifa.org/teams/2/light/1893.png
Colchester United,https://cdn.sofifa.org/teams/2/light/1935.png
Colo-Colo,https://cdn.sofifa.org/teams/2/light/110980.png
Colorado Rapids,https://cdn.sofifa.org/teams/2/light/694.png
Columbus Crew SC,https://cdn.sofifa.org/teams/2/light/687.png
Cork City,https://cdn.sofifa.org/teams/2/light/422.png
Cosenza,https://cdn.sofifa.org/teams/2/light/112168.png
Coventry City,https://cdn.sofifa.org/teams/2/light/1800.png
Cracovia,https://cdn.sofifa.org/teams/2/light/110747.png
Crawley Town,https://cdn.sofifa.org/teams/2/light/110890.png
Crewe Alexandra,https://cdn.sofifa.org/teams/2/light/121.png
Crotone,https://cdn.sofifa.org/teams/2/light/110734.png
Cruz Azul,https://cdn.sofifa.org/teams/2/light/1878.png
Cruzeiro,https://cdn.sofifa.org/teams/2/light/568.png
Crystal Palace,https://cdn.sofifa.org/teams/2/light/1799.png
Curicó Unido,https://cdn.sofifa.org/teams/2/light/112655.png
Cádiz CF,https://cdn.sofifa.org/teams/2/light/1968.png
Córdoba CF,https://cdn.sofifa.org/teams/2/light/1867.png
DC United,https://cdn.sofifa.org/teams/2/light/688.png
DSC Arminia Bielefeld,https://cdn.sofifa.org/teams/2/light/159.png
Daegu FC,https://cdn.sofifa.org/teams/2/light/2056.png
Dalian YiFang FC,https://cdn.sofifa.org/teams/2/light/112378.png
Dalkurd FF,https://cdn.sofifa.org/teams/2/light/113876.png
De Graafschap,https://cdn.sofifa.org/teams/2/light/635.png
Defensa y Justicia,https://cdn.sofifa.org/teams/2/light/111710.png
Deportes Iquique,https://cdn.sofifa.org/teams/2/light/112531.png
Deportes Tolima,https://cdn.sofifa.org/teams/2/light/111722.png
Deportivo Alavés,https://cdn.sofifa.org/teams/2/light/463.png
Deportivo Cali,https://cdn.sofifa.org/teams/2/light/101102.png
Deportivo Pasto,https://cdn.sofifa.org/teams/2/light/111723.png
Deportivo Toluca,https://cdn.sofifa.org/teams/2/light/1882.png
Deportivo de La Coruña,https://cdn.sofifa.org/teams/2/light/242.png
Derby County,https://cdn.sofifa.org/teams/2/light/91.png
Derry City,https://cdn.sofifa.org/teams/2/light/445.png
Dijon FCO,https://cdn.sofifa.org/teams/2/light/110569.png
Dinamo Zagreb,https://cdn.sofifa.org/teams/2/light/211.png
Djurgårdens IF,https://cdn.sofifa.org/teams/2/light/710.png
Doncaster Rovers,https://cdn.sofifa.org/teams/2/light/142.png
Dundalk,https://cdn.sofifa.org/teams/2/light/837.png
Dundee FC,https://cdn.sofifa.org/teams/2/light/180.png
Dynamo Kyiv,https://cdn.sofifa.org/teams/2/light/101047.png
ESTAC Troyes,https://cdn.sofifa.org/teams/2/light/294.png
Eintracht Braunschweig,https://cdn.sofifa.org/teams/2/light/110500.png
Eintracht Frankfurt,https://cdn.sofifa.org/teams/2/light/1824.png
Elche CF,https://cdn.sofifa.org/teams/2/light/468.png
Empoli,https://cdn.sofifa.org/teams/2/light/1746.png
En Avant de Guingamp,https://cdn.sofifa.org/teams/2/light/62.png
Envigado FC,https://cdn.sofifa.org/teams/2/light/112526.png
Esbjerg fB,https://cdn.sofifa.org/teams/2/light/1445.png
Estudiantes de La Plata,https://cdn.sofifa.org/teams/2/light/101083.png
Ettifaq FC,https://cdn.sofifa.org/teams/2/light/112096.png
Everton,https://cdn.sofifa.org/teams/2/light/7.png
Excelsior,https://cdn.sofifa.org/teams/2/light/1971.png
Exeter City,https://cdn.sofifa.org/teams/2/light/143.png
Extremadura UD,https://cdn.sofifa.org/teams/2/light/469.png
FC Admira Wacker Mödling,https://cdn.sofifa.org/teams/2/light/111821.png
FC Augsburg,https://cdn.sofifa.org/teams/2/light/100409.png
FC Barcelona,https://cdn.sofifa.org/teams/2/light/241.png
FC Basel 1893,https://cdn.sofifa.org/teams/2/light/896.png
FC Bayern München,https://cdn.sofifa.org/teams/2/light/21.png
FC Carl Zeiss Jena,https://cdn.sofifa.org/teams/2/light/110591.png
FC Dallas,https://cdn.sofifa.org/teams/2/light/695.png
FC Emmen,https://cdn.sofifa.org/teams/2/light/100628.png
FC Energie Cottbus,https://cdn.sofifa.org/teams/2/light/162.png
FC Erzgebirge Aue,https://cdn.sofifa.org/teams/2/light/506.png
FC Girondins de Bordeaux,https://cdn.sofifa.org/teams/2/light/59.png
FC Groningen,https://cdn.sofifa.org/teams/2/light/1915.png
FC Hansa Rostock,https://cdn.sofifa.org/teams/2/light/27.png
FC Ingolstadt 04,https://cdn.sofifa.org/teams/2/light/111239.png
FC København,https://cdn.sofifa.org/teams/2/light/819.png
FC Lorient,https://cdn.sofifa.org/teams/2/light/217.png
FC Lugano,https://cdn.sofifa.org/teams/2/light/10032.png
FC Luzern,https://cdn.sofifa.org/teams/2/light/897.png
FC Metz,https://cdn.sofifa.org/teams/2/light/68.png
FC Midtjylland,https://cdn.sofifa.org/teams/2/light/1516.png
FC Nantes,https://cdn.sofifa.org/teams/2/light/71.png
FC Nordsjælland,https://cdn.sofifa.org/teams/2/light/1788.png
FC Porto,https://cdn.sofifa.org/teams/2/light/236.png
FC Red Bull Salzburg,https://cdn.sofifa.org/teams/2/light/191.png
FC Schalke 04,https://cdn.sofifa.org/teams/2/light/34.png
FC Seoul,https://cdn.sofifa.org/teams/2/light/982.png
FC Sion,https://cdn.sofifa.org/teams/2/light/110770.png
FC Sochaux-Montbéliard,https://cdn.sofifa.org/teams/2/light/226.png
FC St. Gallen,https://cdn.sofifa.org/teams/2/light/898.png
FC St. Pauli,https://cdn.sofifa.org/teams/2/light/110329.png
FC Thun,https://cdn.sofifa.org/teams/2/light/1715.png
FC Tokyo,https://cdn.sofifa.org/teams/2/light/101150.png
FC Utrecht,https://cdn.sofifa.org/teams/2/light/1903.png
FC Wacker Innsbruck,https://cdn.sofifa.org/teams/2/light/2045.png
FC Würzburger Kickers,https://cdn.sofifa.org/teams/2/light/110197.png
FC Zürich,https://cdn.sofifa.org/teams/2/light/894.png
FK Austria Wien,https://cdn.sofifa.org/teams/2/light/256.png
FK Bodø/Glimt,https://cdn.sofifa.org/teams/2/light/918.png
FK Haugesund,https://cdn.sofifa.org/teams/2/light/1463.png
FSV Zwickau,https://cdn.sofifa.org/teams/2/light/110592.png
Fenerbahçe SK,https://cdn.sofifa.org/teams/2/light/326.png
Feyenoord,https://cdn.sofifa.org/teams/2/light/246.png
Fiorentina,https://cdn.sofifa.org/teams/2/light/110374.png
Fleetwood Town,https://cdn.sofifa.org/teams/2/light/112260.png
Fluminense,https://cdn.sofifa.org/teams/2/light/567.png
Foggia,https://cdn.sofifa.org/teams/2/light/110911.png
Forest Green Rovers,https://cdn.sofifa.org/teams/2/light/561.png
Fortuna Düsseldorf,https://cdn.sofifa.org/teams/2/light/110636.png
Fortuna Sittard,https://cdn.sofifa.org/teams/2/light/634.png
Frosinone,https://cdn.sofifa.org/teams/2/light/111657.png
Fulham,https://cdn.sofifa.org/teams/2/light/144.png
GD Chaves,https://cdn.sofifa.org/teams/2/light/518.png
GFC Ajaccio,https://cdn.sofifa.org/teams/2/light/110316.png
GIF Sundsvall,https://cdn.sofifa.org/teams/2/light/1596.png
Galatasaray SK,https://cdn.sofifa.org/teams/2/light/325.png
Gamba Osaka,https://cdn.sofifa.org/teams/2/light/112093.png
Gangwon FC,https://cdn.sofifa.org/teams/2/light/112115.png
Genoa,https://cdn.sofifa.org/teams/2/light/110556.png
Getafe CF,https://cdn.sofifa.org/teams/2/light/1860.png
Gillingham,https://cdn.sofifa.org/teams/2/light/1802.png
Gimnasia y Esgrima La Plata,https://cdn.sofifa.org/teams/2/light/101084.png
Gimnàstic de Tarragona,https://cdn.sofifa.org/teams/2/light/15019.png
Girona FC,https://cdn.sofifa.org/teams/2/light/110062.png
Godoy Cruz,https://cdn.sofifa.org/teams/2/light/111706.png
Granada CF,https://cdn.sofifa.org/teams/2/light/110832.png
Grasshopper Club Zürich,https://cdn.sofifa.org/teams/2/light/322.png
Grenoble Foot 38,https://cdn.sofifa.org/teams/2/light/1805.png
Grimsby Town,https://cdn.sofifa.org/teams/2/light/92.png
Grêmio,https://cdn.sofifa.org/teams/2/light/1629.png
Guadalajara,https://cdn.sofifa.org/teams/2/light/1880.png
Guangzhou Evergrande Taobao FC,https://cdn.sofifa.org/teams/2/light/111839.png
Guangzhou R&F; FC,https://cdn.sofifa.org/teams/2/light/112429.png
Guizhou Hengfeng FC,https://cdn.sofifa.org/teams/2/light/112977.png
Gyeongnam FC,https://cdn.sofifa.org/teams/2/light/111588.png
Górnik Zabrze,https://cdn.sofifa.org/teams/2/light/420.png
Göztepe SK,https://cdn.sofifa.org/teams/2/light/101026.png
HJK Helsinki,https://cdn.sofifa.org/teams/2/light/100325.png
Hallescher FC,https://cdn.sofifa.org/teams/2/light/110482.png
Hamburger SV,https://cdn.sofifa.org/teams/2/light/28.png
Hamilton Academical FC,https://cdn.sofifa.org/teams/2/light/184.png
Hammarby IF,https://cdn.sofifa.org/teams/2/light/708.png
Hannover 96,https://cdn.sofifa.org/teams/2/light/485.png
Heart of Midlothian,https://cdn.sofifa.org/teams/2/light/80.png
Hebei China Fortune FC,https://cdn.sofifa.org/teams/2/light/112978.png
Hellas Verona,https://cdn.sofifa.org/teams/2/light/206.png
Henan Jianye FC,https://cdn.sofifa.org/teams/2/light/111779.png
Heracles Almelo,https://cdn.sofifa.org/teams/2/light/100634.png
Hertha BSC,https://cdn.sofifa.org/teams/2/light/166.png
Hibernian,https://cdn.sofifa.org/teams/2/light/81.png
Hobro IK,https://cdn.sofifa.org/teams/2/light/112425.png
Hokkaido Consadole Sapporo,https://cdn.sofifa.org/teams/2/light/112444.png
Holstein Kiel,https://cdn.sofifa.org/teams/2/light/576.png
Houston Dynamo,https://cdn.sofifa.org/teams/2/light/698.png
Huddersfield Town,https://cdn.sofifa.org/teams/2/light/1939.png
Hull City,https://cdn.sofifa.org/teams/2/light/1952.png
IF Brommapojkarna,https://cdn.sofifa.org/teams/2/light/111705.png
IF Elfsborg,https://cdn.sofifa.org/teams/2/light/700.png
IFK Göteborg,https://cdn.sofifa.org/teams/2/light/319.png
IFK Norrköping,https://cdn.sofifa.org/teams/2/light/702.png
IK Sirius,https://cdn.sofifa.org/teams/2/light/113458.png
IK Start,https://cdn.sofifa.org/teams/2/light/1524.png
Incheon United FC,https://cdn.sofifa.org/teams/2/light/110765.png
Independiente,https://cdn.sofifa.org/teams/2/light/110093.png
Independiente Medellín,https://cdn.sofifa.org/teams/2/light/101103.png
Independiente Santa Fe,https://cdn.sofifa.org/teams/2/light/101104.png
Inter,https://cdn.sofifa.org/teams/2/light/44.png
Internacional,https://cdn.sofifa.org/teams/2/light/1048.png
Ipswich Town,https://cdn.sofifa.org/teams/2/light/94.png
Itagüí Leones FC,https://cdn.sofifa.org/teams/2/light/112970.png
Jagiellonia Białystok,https://cdn.sofifa.org/teams/2/light/110745.png
Jaguares de Córdoba,https://cdn.sofifa.org/teams/2/light/112903.png
Jeju United FC,https://cdn.sofifa.org/teams/2/light/1478.png
Jeonbuk Hyundai Motors,https://cdn.sofifa.org/teams/2/light/1477.png
Jeonnam Dragons,https://cdn.sofifa.org/teams/2/light/1475.png
Jiangsu Suning FC,https://cdn.sofifa.org/teams/2/light/112162.png
Junior FC,https://cdn.sofifa.org/teams/2/light/101101.png
Juventus,https://cdn.sofifa.org/teams/2/light/45.png
Júbilo Iwata,https://cdn.sofifa.org/teams/2/light/101144.png
KAA Gent,https://cdn.sofifa.org/teams/2/light/674.png
KAS Eupen,https://cdn.sofifa.org/teams/2/light/2013.png
KFC Uerdingen 05,https://cdn.sofifa.org/teams/2/light/167.png
KRC Genk,https://cdn.sofifa.org/teams/2/light/673.png
KSV Cercle Brugge,https://cdn.sofifa.org/teams/2/light/1750.png
KV Kortrijk,https://cdn.sofifa.org/teams/2/light/100081.png
KV Oostende,https://cdn.sofifa.org/teams/2/light/682.png
Kaizer Chiefs,https://cdn.sofifa.org/teams/2/light/110929.png
Kalmar FF,https://cdn.sofifa.org/teams/2/light/1439.png
Karlsruher SC,https://cdn.sofifa.org/teams/2/light/1832.png
Kashima Antlers,https://cdn.sofifa.org/teams/2/light/101147.png
Kashiwa Reysol,https://cdn.sofifa.org/teams/2/light/101145.png
Kasimpaşa SK,https://cdn.sofifa.org/teams/2/light/111339.png
Kawasaki Frontale,https://cdn.sofifa.org/teams/2/light/111730.png
Kayserispor,https://cdn.sofifa.org/teams/2/light/101020.png
Kilmarnock,https://cdn.sofifa.org/teams/2/light/82.png
Korona Kielce,https://cdn.sofifa.org/teams/2/light/111083.png
Kristiansund BK,https://cdn.sofifa.org/teams/2/light/113459.png
LA Galaxy,https://cdn.sofifa.org/teams/2/light/697.png
LASK Linz,https://cdn.sofifa.org/teams/2/light/252.png
LOSC Lille,https://cdn.sofifa.org/teams/2/light/65.png
La Berrichonne de Châteauroux,https://cdn.sofifa.org/teams/2/light/212.png
La Equidad,https://cdn.sofifa.org/teams/2/light/112523.png
Lazio,https://cdn.sofifa.org/teams/2/light/46.png
Le Havre AC,https://cdn.sofifa.org/teams/2/light/1738.png
Lecce,https://cdn.sofifa.org/teams/2/light/347.png
Lech Poznań,https://cdn.sofifa.org/teams/2/light/873.png
Lechia Gdańsk,https://cdn.sofifa.org/teams/2/light/111091.png
Leeds United,https://cdn.sofifa.org/teams/2/light/8.png
Legia Warszawa,https://cdn.sofifa.org/teams/2/light/1871.png
Leicester City,https://cdn.sofifa.org/teams/2/light/95.png
Levante UD,https://cdn.sofifa.org/teams/2/light/1853.png
Lillestrøm SK,https://cdn.sofifa.org/teams/2/light/299.png
Limerick FC,https://cdn.sofifa.org/teams/2/light/111285.png
Lincoln City,https://cdn.sofifa.org/teams/2/light/149.png
Liverpool,https://cdn.sofifa.org/teams/2/light/9.png
Livingston FC,https://cdn.sofifa.org/teams/2/light/621.png
Livorno,https://cdn.sofifa.org/teams/2/light/1844.png
Lobos BUAP,https://cdn.sofifa.org/teams/2/light/111035.png
Lokomotiv Moscow,https://cdn.sofifa.org/teams/2/light/100765.png
Los Angeles FC,https://cdn.sofifa.org/teams/2/light/112996.png
Luton Town,https://cdn.sofifa.org/teams/2/light/1923.png
MKE Ankaragücü,https://cdn.sofifa.org/teams/2/light/101007.png
MSV Duisburg,https://cdn.sofifa.org/teams/2/light/1825.png
Macclesfield Town,https://cdn.sofifa.org/teams/2/light/1959.png
Malmö FF,https://cdn.sofifa.org/teams/2/light/320.png
Manchester City,https://cdn.sofifa.org/teams/2/light/10.png
Manchester United,https://cdn.sofifa.org/teams/2/light/11.png
Mansfield Town,https://cdn.sofifa.org/teams/2/light/1940.png
Medipol Başakşehir FK,https://cdn.sofifa.org/teams/2/light/101014.png
Melbourne City FC,https://cdn.sofifa.org/teams/2/light/112224.png
Melbourne Victory,https://cdn.sofifa.org/teams/2/light/111397.png
Middlesbrough,https://cdn.sofifa.org/teams/2/light/12.png
Miedź Legnica,https://cdn.sofifa.org/teams/2/light/112505.png
Milan,https://cdn.sofifa.org/teams/2/light/47.png
Millonarios FC,https://cdn.sofifa.org/teams/2/light/101105.png
Millwall,https://cdn.sofifa.org/teams/2/light/97.png
Milton Keynes Dons,https://cdn.sofifa.org/teams/2/light/1798.png
Minnesota United FC,https://cdn.sofifa.org/teams/2/light/111138.png
Molde FK,https://cdn.sofifa.org/teams/2/light/417.png
Monarcas Morelia,https://cdn.sofifa.org/teams/2/light/1028.png
Monterrey,https://cdn.sofifa.org/teams/2/light/1032.png
Montpellier HSC,https://cdn.sofifa.org/teams/2/light/70.png
Montreal Impact,https://cdn.sofifa.org/teams/2/light/111139.png
Morecambe,https://cdn.sofifa.org/teams/2/light/357.png
Moreirense FC,https://cdn.sofifa.org/teams/2/light/1900.png
Motherwell,https://cdn.sofifa.org/teams/2/light/83.png
Málaga CF,https://cdn.sofifa.org/teams/2/light/573.png
NAC Breda,https://cdn.sofifa.org/teams/2/light/1904.png
Nagoya Grampus,https://cdn.sofifa.org/teams/2/light/112092.png
Napoli,https://cdn.sofifa.org/teams/2/light/48.png
Neuchâtel Xamax,https://cdn.sofifa.org/teams/2/light/435.png
New England Revolution,https://cdn.sofifa.org/teams/2/light/691.png
New York City FC,https://cdn.sofifa.org/teams/2/light/112828.png
New York Red Bulls,https://cdn.sofifa.org/teams/2/light/689.png
Newcastle Jets,https://cdn.sofifa.org/teams/2/light/111398.png
Newcastle United,https://cdn.sofifa.org/teams/2/light/13.png
Newell's Old Boys,https://cdn.sofifa.org/teams/2/light/110396.png
Newport County,https://cdn.sofifa.org/teams/2/light/112254.png
Northampton Town,https://cdn.sofifa.org/teams/2/light/1930.png
Norwich City,https://cdn.sofifa.org/teams/2/light/1792.png
Nottingham Forest,https://cdn.sofifa.org/teams/2/light/14.png
Notts County,https://cdn.sofifa.org/teams/2/light/1937.png
Nîmes Olympique,https://cdn.sofifa.org/teams/2/light/224.png
OGC Nice,https://cdn.sofifa.org/teams/2/light/72.png
Odds BK,https://cdn.sofifa.org/teams/2/light/1456.png
Odense Boldklub,https://cdn.sofifa.org/teams/2/light/272.png
Ohod Club,https://cdn.sofifa.org/teams/2/light/113219.png
Oldham Athletic,https://cdn.sofifa.org/teams/2/light/1920.png
Olympiacos CFP,https://cdn.sofifa.org/teams/2/light/280.png
Olympique Lyonnais,https://cdn.sofifa.org/teams/2/light/66.png
Olympique de Marseille,https://cdn.sofifa.org/teams/2/light/219.png
Once Caldas,https://cdn.sofifa.org/teams/2/light/101106.png
Orlando City SC,https://cdn.sofifa.org/teams/2/light/112606.png
Orlando Pirates,https://cdn.sofifa.org/teams/2/light/110930.png
Os Belenenses,https://cdn.sofifa.org/teams/2/light/1889.png
Oxford United,https://cdn.sofifa.org/teams/2/light/1951.png
PAOK,https://cdn.sofifa.org/teams/2/light/393.png
PEC Zwolle,https://cdn.sofifa.org/teams/2/light/1914.png
PFC CSKA Moscow,https://cdn.sofifa.org/teams/2/light/315.png
PSV,https://cdn.sofifa.org/teams/2/light/247.png
Pachuca,https://cdn.sofifa.org/teams/2/light/110147.png
Padova,https://cdn.sofifa.org/teams/2/light/110912.png
Palermo,https://cdn.sofifa.org/teams/2/light/1843.png
Panathinaikos FC,https://cdn.sofifa.org/teams/2/light/1884.png
Paraná,https://cdn.sofifa.org/teams/2/light/111048.png
Paris FC,https://cdn.sofifa.org/teams/2/light/111817.png
Paris Saint-Germain,https://cdn.sofifa.org/teams/2/light/73.png
Parma,https://cdn.sofifa.org/teams/2/light/50.png
Patriotas Boyacá FC,https://cdn.sofifa.org/teams/2/light/112527.png
Patronato,https://cdn.sofifa.org/teams/2/light/110581.png
Perth Glory,https://cdn.sofifa.org/teams/2/light/111399.png
Perugia,https://cdn.sofifa.org/teams/2/light/199.png
Pescara,https://cdn.sofifa.org/teams/2/light/200.png
Peterborough United,https://cdn.sofifa.org/teams/2/light/1938.png
Philadelphia Union,https://cdn.sofifa.org/teams/2/light/112134.png
Piast Gliwice,https://cdn.sofifa.org/teams/2/light/111086.png
Plymouth Argyle,https://cdn.sofifa.org/teams/2/light/1929.png
Pogoń Szczecin,https://cdn.sofifa.org/teams/2/light/110746.png
Pohang Steelers,https://cdn.sofifa.org/teams/2/light/1474.png
Port Vale,https://cdn.sofifa.org/teams/2/light/1928.png
Portimonense SC,https://cdn.sofifa.org/teams/2/light/10031.png
Portland Timbers,https://cdn.sofifa.org/teams/2/light/111140.png
Portsmouth,https://cdn.sofifa.org/teams/2/light/1790.png
Preston North End,https://cdn.sofifa.org/teams/2/light/1801.png
Puebla FC,https://cdn.sofifa.org/teams/2/light/110152.png
Queens Park Rangers,https://cdn.sofifa.org/teams/2/light/15.png
Querétaro,https://cdn.sofifa.org/teams/2/light/110150.png
RB Leipzig,https://cdn.sofifa.org/teams/2/light/112172.png
RC Celta,https://cdn.sofifa.org/teams/2/light/450.png
RC Strasbourg Alsace,https://cdn.sofifa.org/teams/2/light/76.png
RCD Espanyol,https://cdn.sofifa.org/teams/2/light/452.png
RCD Mallorca,https://cdn.sofifa.org/teams/2/light/453.png
RSC Anderlecht,https://cdn.sofifa.org/teams/2/light/229.png
Racing Club,https://cdn.sofifa.org/teams/2/light/101085.png
Racing Club de Lens,https://cdn.sofifa.org/teams/2/light/64.png
Randers FC,https://cdn.sofifa.org/teams/2/light/1786.png
Rangers FC,https://cdn.sofifa.org/teams/2/light/86.png
Ranheim Fotball,https://cdn.sofifa.org/teams/2/light/112200.png
Rayo Vallecano,https://cdn.sofifa.org/teams/2/light/480.png
Reading,https://cdn.sofifa.org/teams/2/light/1793.png
Real Betis,https://cdn.sofifa.org/teams/2/light/449.png
Real Madrid,https://cdn.sofifa.org/teams/2/light/243.png
Real Oviedo,https://cdn.sofifa.org/teams/2/light/110827.png
Real Salt Lake,https://cdn.sofifa.org/teams/2/light/111065.png
Real Sociedad,https://cdn.sofifa.org/teams/2/light/457.png
Real Sporting de Gijón,https://cdn.sofifa.org/teams/2/light/459.png
Real Valladolid CF,https://cdn.sofifa.org/teams/2/light/462.png
Real Zaragoza,https://cdn.sofifa.org/teams/2/light/244.png
Red Star FC,https://cdn.sofifa.org/teams/2/light/111273.png
Rio Ave FC,https://cdn.sofifa.org/teams/2/light/744.png
Rionegro Águilas,https://cdn.sofifa.org/teams/2/light/112578.png
River Plate,https://cdn.sofifa.org/teams/2/light/1876.png
Rochdale,https://cdn.sofifa.org/teams/2/light/1955.png
Roma,https://cdn.sofifa.org/teams/2/light/52.png
Rosario Central,https://cdn.sofifa.org/teams/2/light/110580.png
Rosenborg BK,https://cdn.sofifa.org/teams/2/light/298.png
Rotherham United,https://cdn.sofifa.org/teams/2/light/1797.png
Royal Antwerp FC,https://cdn.sofifa.org/teams/2/light/230.png
Royal Excel Mouscron,https://cdn.sofifa.org/teams/2/light/111560.png
SC Braga,https://cdn.sofifa.org/teams/2/light/1896.png
SC Fortuna Köln,https://cdn.sofifa.org/teams/2/light/110169.png
SC Freiburg,https://cdn.sofifa.org/teams/2/light/25.png
SC Heerenveen,https://cdn.sofifa.org/teams/2/light/1913.png
SC Paderborn 07,https://cdn.sofifa.org/teams/2/light/10030.png
SC Preußen Münster,https://cdn.sofifa.org/teams/2/light/531.png
SCR Altach,https://cdn.sofifa.org/teams/2/light/15009.png
SD Eibar,https://cdn.sofifa.org/teams/2/light/467.png
SD Huesca,https://cdn.sofifa.org/teams/2/light/110839.png
SG Dynamo Dresden,https://cdn.sofifa.org/teams/2/light/503.png
SG Sonnenhof Großaspach,https://cdn.sofifa.org/teams/2/light/111379.png
SK Brann,https://cdn.sofifa.org/teams/2/light/919.png
SK Rapid Wien,https://cdn.sofifa.org/teams/2/light/254.png
SK Slavia Praha,https://cdn.sofifa.org/teams/2/light/266.png
SK Sturm Graz,https://cdn.sofifa.org/teams/2/light/209.png
SKN St. Pölten,https://cdn.sofifa.org/teams/2/light/112075.png
SL Benfica,https://cdn.sofifa.org/teams/2/light/234.png
SPAL,https://cdn.sofifa.org/teams/2/light/112791.png
SV Darmstadt 98,https://cdn.sofifa.org/teams/2/light/110502.png
SV Mattersburg,https://cdn.sofifa.org/teams/2/light/1785.png
SV Meppen,https://cdn.sofifa.org/teams/2/light/110597.png
SV Sandhausen,https://cdn.sofifa.org/teams/2/light/110178.png
SV Wehen Wiesbaden,https://cdn.sofifa.org/teams/2/light/492.png
SV Werder Bremen,https://cdn.sofifa.org/teams/2/light/38.png
SV Zulte-Waregem,https://cdn.sofifa.org/teams/2/light/15005.png
Sagan Tosu,https://cdn.sofifa.org/teams/2/light/113160.png
Sampdoria,https://cdn.sofifa.org/teams/2/light/1837.png
San Jose Earthquakes,https://cdn.sofifa.org/teams/2/light/111928.png
San Lorenzo de Almagro,https://cdn.sofifa.org/teams/2/light/1013.png
San Luis de Quillota,https://cdn.sofifa.org/teams/2/light/112668.png
San Martin de Tucumán,https://cdn.sofifa.org/teams/2/light/111714.png
San Martín de San Juan,https://cdn.sofifa.org/teams/2/light/111713.png
Sandefjord Fotball,https://cdn.sofifa.org/teams/2/light/1757.png
Sanfrecce Hiroshima,https://cdn.sofifa.org/teams/2/light/113157.png
Sangju Sangmu FC,https://cdn.sofifa.org/teams/2/light/2055.png
Santa Clara,https://cdn.sofifa.org/teams/2/light/1438.png
Santos,https://cdn.sofifa.org/teams/2/light/1053.png
Santos Laguna,https://cdn.sofifa.org/teams/2/light/110144.png
Sarpsborg 08 FF,https://cdn.sofifa.org/teams/2/light/112199.png
Sassuolo,https://cdn.sofifa.org/teams/2/light/111974.png
Scunthorpe United,https://cdn.sofifa.org/teams/2/light/1949.png
Seattle Sounders FC,https://cdn.sofifa.org/teams/2/light/111144.png
Sevilla FC,https://cdn.sofifa.org/teams/2/light/481.png
Shakhtar Donetsk,https://cdn.sofifa.org/teams/2/light/101059.png
Shamrock Rovers,https://cdn.sofifa.org/teams/2/light/306.png
Shandong Luneng TaiShan FC,https://cdn.sofifa.org/teams/2/light/111724.png
Shanghai Greenland Shenhua FC,https://cdn.sofifa.org/teams/2/light/110955.png
Shanghai SIPG FC,https://cdn.sofifa.org/teams/2/light/112540.png
Sheffield United,https://cdn.sofifa.org/teams/2/light/1794.png
Sheffield Wednesday,https://cdn.sofifa.org/teams/2/light/1807.png
Shimizu S-Pulse,https://cdn.sofifa.org/teams/2/light/101149.png
Shonan Bellmare,https://cdn.sofifa.org/teams/2/light/113161.png
Shrewsbury,https://cdn.sofifa.org/teams/2/light/127.png
Sint-Truidense VV,https://cdn.sofifa.org/teams/2/light/680.png
Sivasspor,https://cdn.sofifa.org/teams/2/light/101041.png
Sligo Rovers,https://cdn.sofifa.org/teams/2/light/563.png
Southampton,https://cdn.sofifa.org/teams/2/light/17.png
Southend United,https://cdn.sofifa.org/teams/2/light/1954.png
SpVgg Greuther Fürth,https://cdn.sofifa.org/teams/2/light/165.png
SpVgg Unterhaching,https://cdn.sofifa.org/teams/2/light/172.png
Sparta Praha,https://cdn.sofifa.org/teams/2/light/267.png
Spartak Moscow,https://cdn.sofifa.org/teams/2/light/100767.png
Spezia,https://cdn.sofifa.org/teams/2/light/110741.png
Sport Club do Recife,https://cdn.sofifa.org/teams/2/light/111057.png
Sporting CP,https://cdn.sofifa.org/teams/2/light/237.png
Sporting Kansas City,https://cdn.sofifa.org/teams/2/light/696.png
Sporting Lokeren,https://cdn.sofifa.org/teams/2/light/2007.png
Sporting de Charleroi,https://cdn.sofifa.org/teams/2/light/670.png
St. Johnstone FC,https://cdn.sofifa.org/teams/2/light/100804.png
St. Mirren,https://cdn.sofifa.org/teams/2/light/100805.png
St. Patrick's Athletic,https://cdn.sofifa.org/teams/2/light/423.png
Stabæk Fotball,https://cdn.sofifa.org/teams/2/light/917.png
Stade Brestois 29,https://cdn.sofifa.org/teams/2/light/378.png
Stade Malherbe Caen,https://cdn.sofifa.org/teams/2/light/210.png
Stade Rennais FC,https://cdn.sofifa.org/teams/2/light/74.png
Stade de Reims,https://cdn.sofifa.org/teams/2/light/379.png
Standard de Liège,https://cdn.sofifa.org/teams/2/light/232.png
Stevenage,https://cdn.sofifa.org/teams/2/light/361.png
Stoke City,https://cdn.sofifa.org/teams/2/light/1806.png
Strømsgodset IF,https://cdn.sofifa.org/teams/2/light/922.png
Sunderland,https://cdn.sofifa.org/teams/2/light/106.png
Suwon Samsung Bluewings,https://cdn.sofifa.org/teams/2/light/983.png
Swansea City,https://cdn.sofifa.org/teams/2/light/1960.png
Swindon Town,https://cdn.sofifa.org/teams/2/light/1934.png
Sydney FC,https://cdn.sofifa.org/teams/2/light/111400.png
SønderjyskE,https://cdn.sofifa.org/teams/2/light/1447.png
TSG 1899 Hoffenheim,https://cdn.sofifa.org/teams/2/light/10029.png
TSV 1860 München,https://cdn.sofifa.org/teams/2/light/33.png
TSV Hartberg,https://cdn.sofifa.org/teams/2/light/2017.png
Tianjin Quanjian FC,https://cdn.sofifa.org/teams/2/light/112983.png
Tianjin TEDA FC,https://cdn.sofifa.org/teams/2/light/111774.png
Tiburones Rojos de Veracruz,https://cdn.sofifa.org/teams/2/light/110145.png
Tigres U.A.N.L.,https://cdn.sofifa.org/teams/2/light/1970.png
Torino,https://cdn.sofifa.org/teams/2/light/54.png
Toronto FC,https://cdn.sofifa.org/teams/2/light/111651.png
Tottenham Hotspur,https://cdn.sofifa.org/teams/2/light/18.png
Toulouse Football Club,https://cdn.sofifa.org/teams/2/light/1809.png
Trabzonspor,https://cdn.sofifa.org/teams/2/light/436.png
Tranmere Rovers,https://cdn.sofifa.org/teams/2/light/15048.png
Trelleborgs FF,https://cdn.sofifa.org/teams/2/light/703.png
Tromsø IL,https://cdn.sofifa.org/teams/2/light/418.png
U.N.A.M.,https://cdn.sofifa.org/teams/2/light/1881.png
UD Almería,https://cdn.sofifa.org/teams/2/light/1861.png
UD Las Palmas,https://cdn.sofifa.org/teams/2/light/472.png
US Cremonese,https://cdn.sofifa.org/teams/2/light/111434.png
US Orléans Loiret Football,https://cdn.sofifa.org/teams/2/light/112276.png
US Salernitana 1919,https://cdn.sofifa.org/teams/2/light/110373.png
Udinese,https://cdn.sofifa.org/teams/2/light/55.png
Ulsan Hyundai FC,https://cdn.sofifa.org/teams/2/light/1473.png
Universidad Católica,https://cdn.sofifa.org/teams/2/light/110975.png
Universidad de Chile,https://cdn.sofifa.org/teams/2/light/15029.png
Unión Española,https://cdn.sofifa.org/teams/2/light/110977.png
Unión La Calera,https://cdn.sofifa.org/teams/2/light/112535.png
Unión de Santa Fe,https://cdn.sofifa.org/teams/2/light/111716.png
Urawa Red Diamonds,https://cdn.sofifa.org/teams/2/light/111575.png
V-Varen Nagasaki,https://cdn.sofifa.org/teams/2/light/112448.png
VVV-Venlo,https://cdn.sofifa.org/teams/2/light/100651.png
Valencia CF,https://cdn.sofifa.org/teams/2/light/461.png
Valenciennes FC,https://cdn.sofifa.org/teams/2/light/110456.png
Vancouver Whitecaps FC,https://cdn.sofifa.org/teams/2/light/101112.png
Vegalta Sendai,https://cdn.sofifa.org/teams/2/light/112836.png
Vejle Boldklub,https://cdn.sofifa.org/teams/2/light/822.png
Vendsyssel FF,https://cdn.sofifa.org/teams/2/light/111660.png
Venezia FC,https://cdn.sofifa.org/teams/2/light/205.png
VfB Stuttgart,https://cdn.sofifa.org/teams/2/light/36.png
VfL Bochum 1848,https://cdn.sofifa.org/teams/2/light/160.png
VfL Osnabrück,https://cdn.sofifa.org/teams/2/light/487.png
VfL Sportfreunde Lotte,https://cdn.sofifa.org/teams/2/light/110700.png
VfL Wolfsburg,https://cdn.sofifa.org/teams/2/light/175.png
VfR Aalen,https://cdn.sofifa.org/teams/2/light/550.png
Viktoria Plzeň,https://cdn.sofifa.org/teams/2/light/110468.png
Villarreal CF,https://cdn.sofifa.org/teams/2/light/483.png
Vissel Kobe,https://cdn.sofifa.org/teams/2/light/101146.png
Vitesse,https://cdn.sofifa.org/teams/2/light/1909.png
Vitória,https://cdn.sofifa.org/teams/2/light/1719.png
Vitória Guimarães,https://cdn.sofifa.org/teams/2/light/1887.png
Vitória de Setúbal,https://cdn.sofifa.org/teams/2/light/665.png
Vålerenga Fotball,https://cdn.sofifa.org/teams/2/light/920.png
Vélez Sarsfield,https://cdn.sofifa.org/teams/2/light/101088.png
Waasland-Beveren,https://cdn.sofifa.org/teams/2/light/110913.png
Walsall,https://cdn.sofifa.org/teams/2/light/1803.png
Waterford FC,https://cdn.sofifa.org/teams/2/light/753.png
Watford,https://cdn.sofifa.org/teams/2/light/1795.png
Wellington Phoenix,https://cdn.sofifa.org/teams/2/light/111766.png
West Bromwich Albion,https://cdn.sofifa.org/teams/2/light/109.png
West Ham United,https://cdn.sofifa.org/teams/2/light/19.png
Western Sydney Wanderers,https://cdn.sofifa.org/teams/2/light/112427.png
Wigan Athletic,https://cdn.sofifa.org/teams/2/light/1917.png
Willem II,https://cdn.sofifa.org/teams/2/light/1907.png
Wisła Kraków,https://cdn.sofifa.org/teams/2/light/1873.png
Wisła Płock,https://cdn.sofifa.org/teams/2/light/1569.png
Wolfsberger AC,https://cdn.sofifa.org/teams/2/light/111822.png
Wolverhampton Wanderers,https://cdn.sofifa.org/teams/2/light/110.png
Wycombe Wanderers,https://cdn.sofifa.org/teams/2/light/1933.png
Yeni Malatyaspor,https://cdn.sofifa.org/teams/2/light/113259.png
Yeovil Town,https://cdn.sofifa.org/teams/2/light/346.png
Yokohama F. Marinos,https://cdn.sofifa.org/teams/2/light/101151.png
Zagłębie Lubin,https://cdn.sofifa.org/teams/2/light/110749.png
Zagłębie Sosnowiec,https://cdn.sofifa.org/teams/2/light/111089.png
Çaykur Rizespor,https://cdn.sofifa.org/teams/2/light/101037.png
Örebro SK,https://cdn.sofifa.org/teams/2/light/705.png
Östersunds FK,https://cdn.sofifa.org/teams/2/light/113173.png
Śląsk Wrocław,https://cdn.sofifa.org/teams/2/light/111092.png
,https://cdn.sofifa.org/flags/159.png
